{
 "alpha": 0.016067385763085903,
 "beta": 0.9491567279432469,
 "n_races": 324,
 "alpha_ci95": [
  -0.2721171741578752,
  0.3189402387052595
 ],
 "beta_ci95": [
  0.7969557696596272,
  1.1293600420723924
 ],
 "ll_free": -1.5768473621697368,
 "ll_market_only": -1.5777926183911584,
 "ll_model_only": -1.8014508604800994,
 "ll_production": -1.5819348347550202,
 "alpha_significant": false,
 "since": null,
 "fitted_at": "2026-06-10T17:19:29",
 "note": "報告のみ・live 未配線。係数が複数 fit で安定したら estimate_probs に free-(α,β) パスを追加して採用する。"
}