{
 "alpha": -0.012762187487936448,
 "beta": 1.0033076505745968,
 "n_races": 158,
 "alpha_ci95": [
  -0.4460878414338328,
  0.5495573902383409
 ],
 "beta_ci95": [
  0.7884356949556371,
  1.210845788844858
 ],
 "ll_free": -1.5332190969235464,
 "ll_market_only": -1.5332266333281728,
 "ll_model_only": -1.994439016277178,
 "ll_production": -1.5502888106222092,
 "alpha_significant": false,
 "since": null,
 "fitted_at": "2026-06-11T23:43:12",
 "note": "報告のみ・live 未配線。係数が複数 fit で安定したら estimate_probs に free-(α,β) パスを追加して採用する。"
}