{
 "alpha": 0.27289553674694655,
 "beta": 0.8305770269280766,
 "n_races": 529,
 "alpha_ci95": [
  0.04586284691513763,
  0.5170488331719655
 ],
 "beta_ci95": [
  0.7389739307822526,
  0.9273944478764047
 ],
 "ll_free": -1.678135711795744,
 "ll_market_only": -1.6882974425560062,
 "ll_model_only": -2.021692635740156,
 "ll_production": -1.6808584475778234,
 "alpha_significant": true,
 "since": null,
 "fitted_at": "2026-07-06T00:13:37",
 "note": "報告のみ・live 未配線。係数が複数 fit で安定したら estimate_probs に free-(α,β) パスを追加して採用する。"
}